사고번호,사고일시,요일,시군구,사고내용,사망자수,중상자수,경상자수,부상신고자수,사고유형,법규위반,노면상태,기상상태,도로형태,가해운전자 차종,가해운전자 성별,가해운전자 연령,가해운전자 상해정도,피해운전자 차종,피해운전자 성별,피해운전자 연령,피해운전자 상해정도
2018011000100329,2018년 1월 10일 14시,수요일,경기도 안성시 일죽면,중상사고,0,1,0,0,차대차 - 기타,안전운전불이행,건조,맑음,단일로 - 기타,승합,남,70세,상해없음,화물,남,43세,중상
2018011900100034,2018년 1월 19일 01시,금요일,경기도 광주시 남한산성면,중상사고,0,1,0,0,차량단독 - 기타,안전운전불이행,건조,맑음,단일로 - 기타,승용,여,30세,중상,,,,
2018011900100438,2018년 1월 19일 18시,금요일,경상남도 함양군 서하면,중상사고,0,1,0,0,차대차 - 추돌,안전운전불이행,건조,맑음,단일로 - 기타,승용,남,46세,상해없음,승용,남,46세,중상
2018012500100027,2018년 1월 25일 03시,목요일,경기도 이천시 마장면,경상사고,0,0,1,0,차대차 - 측면충돌,안전운전불이행,건조,맑음,단일로 - 기타,승용,남,28세,상해없음,화물,남,25세,경상
2018012500100329,2018년 1월 25일 16시,목요일,경기도 광주시 남한산성면,경상사고,0,0,3,0,차대차 - 추돌,안전운전불이행,건조,맑음,단일로 - 기타,화물,남,64세,상해없음,승용,여,49세,경상
2018012600100354,2018년 1월 26일 16시,금요일,경기도 이천시 모가면,경상사고,0,0,1,0,차대차 - 추돌,안전운전불이행,건조,맑음,단일로 - 기타,승용,남,63세,상해없음,승용,남,41세,경상
2018012600100629,2018년 1월 26일 23시,금요일,경상남도 산청군 금서면,경상사고,0,0,1,0,차대차 - 추돌,안전운전불이행,건조,맑음,기타 - 기타,특수,남,40세,상해없음,화물,남,58세,경상
2018012700100134,2018년 1월 27일 09시,토요일,경기도 안성시 일죽면,중상사고,0,1,0,0,차대차 - 측면충돌,안전운전불이행,건조,맑음,단일로 - 기타,화물,남,42세,상해없음,승용,남,33세,중상
2018012800100265,2018년 1월 28일 17시,일요일,경기도 광주시 초월읍,부상신고사고,0,0,0,1,차대차 - 추돌,안전거리미확보,건조,맑음,단일로 - 기타,승용,남,35세,상해없음,승용,남,48세,부상신고
2018013100100385,2018년 1월 31일 17시,수요일,경기도 하남시 하산곡동,경상사고,0,0,1,0,차대차 - 측면충돌,안전거리미확보,건조,맑음,단일로 - 기타,화물,남,57세,상해없음,승용,남,37세,경상
2018020200100575,2018년 2월 2일 21시,금요일,경기도 하남시 상산곡동,경상사고,0,0,1,0,차대차 - 기타,기타,건조,맑음,기타 - 기타,승용,남,23세,경상,화물,남,54세,상해없음
2018020300100024,2018년 2월 3일 00시,토요일,충청북도 음성군 삼성면,사망사고,1,1,4,0,차대차 - 추돌,안전거리미확보,건조,맑음,단일로 - 기타,특수,남,37세,경상,화물,남,45세,경상
2018020300100395,2018년 2월 3일 14시,토요일,충청북도 청주시 청원구 오창읍,경상사고,0,0,2,0,차대차 - 측면충돌,안전거리미확보,건조,맑음,단일로 - 기타,승용,남,45세,상해없음,승용,남,25세,경상
2018020300100668,2018년 2월 3일 21시,토요일,경기도 이천시 마장면,중상사고,0,4,2,0,차대차 - 추돌,안전운전불이행,건조,맑음,단일로 - 기타,승용,남,70세,상해없음,화물,남,54세,중상
2018020800100015,2018년 2월 8일 00시,목요일,경기도 하남시 천현동,경상사고,0,0,4,0,차대차 - 추돌,안전운전불이행,건조,맑음,단일로 - 기타,승용,남,45세,상해없음,승용,남,55세,경상
2018020800100264,2018년 2월 8일 11시,목요일,경기도 하남시 하산곡동,경상사고,0,0,1,0,차대차 - 측면충돌,안전거리미확보,건조,맑음,단일로 - 기타,화물,남,51세,상해없음,화물,남,30세,경상
2018020900100253,2018년 2월 9일 11시,금요일,경상남도 함양군 지곡면,중상사고,0,2,2,0,차대차 - 추돌,안전운전불이행,건조,맑음,단일로 - 기타,화물,남,65세,상해없음,화물,남,60세,중상
2018021000100462,2018년 2월 10일 19시,토요일,경기도 하남시 덕풍동,중상사고,0,1,3,0,차대차 - 추돌,안전운전불이행,건조,맑음,단일로 - 기타,승용,남,26세,중상,승용,남,41세,경상
2018021200100168,2018년 2월 12일 09시,월요일,충청북도 청주시 흥덕구 신성동,경상사고,0,0,1,0,차대차 - 측면충돌,교차로운행방법위반,건조,맑음,단일로 - 기타,승합,남,63세,상해없음,화물,남,49세,경상
2018021400100099,2018년 2월 14일 05시,수요일,경기도 이천시 마장면,중상사고,0,1,0,0,차대차 - 추돌,안전운전불이행,건조,흐림,단일로 - 기타,승용,남,20세,상해없음,승용,남,20세,상해없음
2018021500100105,2018년 2월 15일 05시,목요일,충청북도 음성군 금왕읍,사망사고,1,0,0,0,차대사람 - 기타,안전운전불이행,건조,맑음,단일로 - 기타,화물,남,60세,상해없음,보행자,남,46세,사망
2018022800100265,2018년 2월 28일 14시,수요일,충청북도 진천군 진천읍,경상사고,0,0,3,0,차대차 - 추돌,안전거리미확보,젖음/습기,비,단일로 - 기타,승용,남,35세,경상,승용,남,27세,경상
2018030300100130,2018년 3월 3일 10시,토요일,경기도 하남시 천현동,경상사고,0,0,1,0,차대차 - 추돌,안전거리미확보,건조,맑음,기타 - 기타,특수,남,63세,상해없음,승합,남,39세,경상
2018030400100223,2018년 3월 4일 15시,일요일,충청북도 청주시 흥덕구 지동동,경상사고,0,0,2,0,차대차 - 추돌,안전거리미확보,건조,맑음,단일로 - 기타,승용,여,33세,상해없음,승용,남,36세,경상
2018030400100225,2018년 3월 4일 15시,일요일,충청북도 청주시 흥덕구 지동동,중상사고,0,1,1,0,차대차 - 추돌,안전거리미확보,건조,맑음,단일로 - 기타,화물,남,31세,상해없음,승용,남,39세,경상
2018030600100023,2018년 3월 6일 01시,화요일,충청북도 청주시 청원구 오창읍,사망사고,1,0,1,0,차대차 - 추돌,안전거리미확보,건조,맑음,단일로 - 기타,특수,남,61세,사망,화물,남,51세,경상
2018030600100237,2018년 3월 6일 13시,화요일,경기도 광주시 도척면,경상사고,0,0,1,0,차대차 - 추돌,안전거리미확보,건조,맑음,단일로 - 기타,화물,남,33세,상해없음,승용,남,51세,경상
2018030700100034,2018년 3월 7일 02시,수요일,충청북도 청주시 청원구 오창읍,경상사고,0,0,1,0,차대차 - 기타,안전운전불이행,건조,맑음,기타 - 기타,화물,남,42세,경상,특수,남,33세,기타불명
2018030900100226,2018년 3월 9일 14시,금요일,충청북도 청주시 흥덕구 강서동,경상사고,0,0,3,0,차대차 - 추돌,안전거리미확보,건조,맑음,단일로 - 기타,승용,남,39세,경상,승용,남,19세,경상
2018031000100287,2018년 3월 10일 14시,토요일,경기도 광주시 남한산성면,경상사고,0,0,1,0,차대차 - 추돌,안전운전불이행,건조,맑음,단일로 - 기타,승용,남,45세,상해없음,승용,남,52세,경상
2018031200100031,2018년 3월 12일 05시,월요일,경기도 하남시 천현동,사망사고,1,0,1,0,차대차 - 측면충돌,안전거리미확보,건조,맑음,단일로 - 기타,화물,남,49세,사망,화물,남,50세,경상
2018031500100009,2018년 3월 15일 00시,목요일,충청남도 금산군 추부면,사망사고,1,0,0,0,차대차 - 기타,안전운전불이행,건조,맑음,단일로 - 기타,승용,남,28세,상해없음,화물,남,58세,상해없음
2018031700100231,2018년 3월 17일 12시,토요일,경기도 안성시 일죽면,중상사고,0,2,7,1,차대차 - 추돌,안전운전불이행,건조,맑음,단일로 - 기타,승용,남,58세,상해없음,승합,남,33세,부상신고
2018031800100074,2018년 3월 18일 06시,일요일,충청북도 음성군 대소면,중상사고,0,2,1,0,차대차 - 추돌,안전운전불이행,건조,맑음,단일로 - 기타,승용,남,45세,상해없음,화물,남,46세,경상
2018031800100236,2018년 3월 18일 15시,일요일,충청북도 청주시 흥덕구 남촌동,중상사고,0,1,3,0,차대차 - 추돌,안전거리미확보,건조,맑음,단일로 - 기타,승용,여,44세,상해없음,승용,여,45세,경상
2018032000100311,2018년 3월 20일 15시,화요일,경기도 이천시 신둔면,경상사고,0,0,2,0,차대차 - 추돌,안전거리미확보,건조,맑음,단일로 - 기타,승합,남,49세,상해없음,승용,남,61세,경상
2018032200100181,2018년 3월 22일 09시,목요일,충청북도 음성군 음성읍,경상사고,0,0,2,0,차대차 - 기타,안전운전불이행,건조,맑음,기타 - 기타,화물,여,62세,경상,화물,남,49세,경상
2018032300100403,2018년 3월 23일 17시,금요일,충청북도 진천군 덕산면,중상사고,0,1,2,0,차대차 - 추돌,안전운전불이행,건조,맑음,단일로 - 기타,승용,여,23세,중상,승용,남,25세,경상
2018032600100156,2018년 3월 26일 10시,월요일,충청북도 진천군 진천읍,경상사고,0,0,1,0,차대차 - 추돌,안전거리미확보,건조,맑음,단일로 - 기타,승용,남,23세,상해없음,승용,남,46세,상해없음
2018040100100072,2018년 4월 1일 04시,일요일,충청북도 진천군 진천읍,중상사고,0,1,0,0,차대차 - 추돌,안전운전불이행,건조,맑음,단일로 - 기타,승용,남,30세,상해없음,화물,남,42세,중상
2018040500100261,2018년 4월 5일 13시,목요일,경기도 광주시 초월읍,경상사고,0,0,4,0,차대차 - 추돌,안전운전불이행,젖음/습기,비,단일로 - 기타,화물,남,52세,상해없음,승용,남,51세,경상
2018040600100097,2018년 4월 6일 05시,금요일,경기도 하남시 상산곡동,경상사고,0,0,1,0,차대차 - 측면충돌,안전거리미확보,젖음/습기,비,단일로 - 기타,승용,여,47세,경상,화물,남,51세,상해없음
2018040700100224,2018년 4월 7일 11시,토요일,충청북도 진천군 진천읍,경상사고,0,0,2,0,차대차 - 추돌,안전운전불이행,건조,맑음,단일로 - 기타,승용,남,30세,상해없음,승용,남,61세,경상
2018040700100319,2018년 4월 7일 14시,토요일,충청북도 진천군 문백면,중상사고,0,1,0,0,차대차 - 추돌,안전거리미확보,건조,맑음,단일로 - 기타,승용,남,27세,상해없음,승용,여,51세,중상
2018040700100451,2018년 4월 7일 17시,토요일,경기도 광주시 남한산성면,경상사고,0,0,5,0,차대차 - 추돌,안전운전불이행,건조,맑음,단일로 - 기타,화물,남,59세,상해없음,승용,남,65세,경상
2018040800100144,2018년 4월 8일 10시,일요일,경상남도 함양군 지곡면,경상사고,0,0,1,0,차대사람 - 기타,안전운전불이행,건조,맑음,기타 - 기타,승용,남,48세,상해없음,보행자,남,58세,경상
2018041100100204,2018년 4월 11일 11시,수요일,경기도 이천시 마장면,중상사고,0,1,1,0,차대차 - 추돌,안전운전불이행,건조,맑음,단일로 - 기타,화물,남,58세,경상,화물,남,59세,중상
2018041200100181,2018년 4월 12일 10시,목요일,충청북도 진천군 진천읍,사망사고,1,0,0,0,차량단독 - 전도전복 - 전복,안전운전불이행,건조,맑음,단일로 - 기타,특수,남,59세,사망,미분류,미분류,미분류,미분류
2018041300100541,2018년 4월 13일 20시,금요일,경기도 이천시 모가면,경상사고,0,0,1,0,차대차 - 추돌,안전운전불이행,건조,맑음,단일로 - 기타,승용,남,30세,상해없음,승용,남,35세,경상
2018041500100149,2018년 4월 15일 11시,일요일,충청북도 진천군 진천읍,경상사고,0,0,2,3,차대차 - 추돌,안전거리미확보,건조,맑음,단일로 - 기타,승용,남,43세,부상신고,승용,남,42세,경상
2018041500100202,2018년 4월 15일 13시,일요일,경기도 안성시 일죽면,경상사고,0,0,5,0,차대차 - 추돌,안전거리미확보,건조,맑음,기타 - 기타,승용,남,49세,상해없음,승용,남,68세,경상
2018041600100083,2018년 4월 16일 07시,월요일,경기도 하남시 천현동,중상사고,0,1,1,0,차대차 - 추돌,안전운전불이행,건조,맑음,기타 - 기타,화물,남,59세,중상,화물,남,64세,상해없음
2018041800100198,2018년 4월 18일 10시,수요일,경기도 하남시 천현동,경상사고,0,0,1,0,차대사람 - 기타,안전운전불이행,건조,맑음,단일로 - 기타,승용,남,62세,상해없음,보행자,여,77세,경상
2018041900100013,2018년 4월 19일 00시,목요일,충청북도 진천군 문백면,경상사고,0,0,1,0,차대차 - 추돌,안전운전불이행,건조,맑음,단일로 - 기타,승용,남,31세,상해없음,화물,남,66세,경상
2018042100100186,2018년 4월 21일 10시,토요일,경기도 하남시 천현동,경상사고,0,0,2,0,차대차 - 측면충돌,안전거리미확보,건조,맑음,단일로 - 기타,승용,여,49세,상해없음,승용,여,51세,경상
2018042100100228,2018년 4월 21일 11시,토요일,충청북도 진천군 문백면,경상사고,0,0,5,0,차대차 - 추돌,안전거리미확보,건조,맑음,단일로 - 기타,승용,남,35세,상해없음,승용,남,59세,경상
2018042400100049,2018년 4월 24일 04시,화요일,경기도 광주시 곤지암읍,중상사고,0,2,0,0,차대차 - 기타,안전운전불이행,젖음/습기,비,단일로 - 기타,화물,남,60세,중상,화물,남,54세,상해없음
2018042700100418,2018년 4월 27일 17시,금요일,충청북도 증평군 증평읍,경상사고,0,0,2,0,차대차 - 추돌,안전운전불이행,건조,맑음,기타 - 기타,화물,기타불명,미분류,기타불명,화물,남,72세,경상
2018042800100410,2018년 4월 28일 15시,토요일,경기도 이천시 마장면,사망사고,1,0,4,0,차대차 - 추돌,안전운전불이행,건조,맑음,단일로 - 기타,화물,남,77세,사망,화물,여,50세,경상
2018050300100403,2018년 5월 3일 16시,목요일,경기도 광주시 곤지암읍,경상사고,0,0,3,0,차대차 - 기타,안전운전불이행,젖음/습기,비,단일로 - 기타,승용,남,58세,상해없음,승용,남,31세,경상
2018050400100556,2018년 5월 4일 19시,금요일,경상남도 함양군 서상면,경상사고,0,0,4,0,차대차 - 추돌,차로위반,건조,맑음,단일로 - 터널,승용,남,73세,상해없음,승용,남,20세,경상
2018050500100410,2018년 5월 5일 16시,토요일,경상남도 함양군 서상면,중상사고,0,1,6,0,차대차 - 측면충돌,안전운전불이행,건조,맑음,단일로 - 기타,승용,남,53세,상해없음,승용,남,54세,경상
2018052100100424,2018년 5월 21일 17시,월요일,경상남도 함양군 지곡면,부상신고사고,0,0,0,1,차대차 - 기타,안전운전불이행,건조,맑음,단일로 - 기타,승용,남,48세,상해없음,승용,남,52세,부상신고
2018052500100408,2018년 5월 25일 16시,금요일,충청북도 진천군 문백면,경상사고,0,0,3,0,차대차 - 추돌,안전거리미확보,건조,맑음,단일로 - 기타,승용,남,24세,상해없음,승용,남,47세,경상
2018052600100104,2018년 5월 26일 06시,토요일,경기도 하남시 덕풍동,중상사고,0,1,0,0,차대차 - 추돌,안전운전불이행,건조,맑음,기타 - 기타,화물,남,42세,중상,화물,남,42세,상해없음
2018052600100128,2018년 5월 26일 07시,토요일,경상남도 산청군 단성면,경상사고,0,0,1,0,차대사람 - 기타,안전운전불이행,건조,맑음,기타 - 기타,승용,남,34세,상해없음,보행자,여,54세,경상
2018052800100057,2018년 5월 28일 06시,월요일,충청북도 청주시 흥덕구 상신동,경상사고,0,0,1,0,차대차 - 측면충돌,차로위반,건조,맑음,단일로 - 교량,화물,남,61세,상해없음,화물,남,52세,경상
2018060200100219,2018년 6월 2일 11시,토요일,경기도 하남시 상산곡동,경상사고,0,0,2,0,차대차 - 추돌,안전거리미확보,건조,맑음,단일로 - 기타,화물,남,55세,상해없음,승용,남,61세,경상
2018060200100314,2018년 6월 2일 13시,토요일,경기도 이천시 모가면,경상사고,0,0,3,0,차대차 - 추돌,기타,건조,맑음,단일로 - 기타,승용,여,34세,상해없음,승용,남,46세,경상
2018060400100018,2018년 6월 4일 03시,월요일,충청북도 진천군 진천읍,사망사고,1,0,0,0,차량단독 - 도로외이탈 - 추락,안전운전불이행,건조,맑음,단일로 - 기타,특수,남,28세,사망,,,,
2018060500100396,2018년 6월 5일 16시,화요일,경기도 하남시 춘궁동,경상사고,0,0,1,0,차대차 - 측면충돌,안전운전불이행,건조,맑음,기타 - 기타,화물,남,49세,상해없음,승용,남,57세,경상
2018060800100037,2018년 6월 8일 03시,금요일,경상남도 함양군 지곡면,사망사고,2,3,2,0,차대차 - 추돌,안전운전불이행,건조,맑음,단일로 - 고가도로위,화물,남,33세,경상,화물,남,60세,중상
2018061000100218,2018년 6월 10일 13시,일요일,경기도 이천시 모가면,경상사고,0,0,4,0,차대차 - 기타,안전거리미확보,건조,맑음,단일로 - 기타,승용,남,53세,상해없음,승용,남,41세,경상
2018061100100296,2018년 6월 11일 14시,월요일,충청북도 진천군 문백면,경상사고,0,0,1,1,차대차 - 추돌,안전운전불이행,건조,맑음,단일로 - 기타,승용,남,31세,부상신고,화물,남,25세,경상
2018061300100043,2018년 6월 13일 02시,수요일,경기도 하남시 상산곡동,중상사고,0,1,1,0,차대차 - 추돌,안전운전불이행,건조,맑음,단일로 - 기타,화물,남,56세,상해없음,승용,남,56세,중상
2018061400100174,2018년 6월 14일 10시,목요일,경기도 하남시 상산곡동,경상사고,0,0,1,0,차대차 - 기타,안전운전불이행,건조,흐림,단일로 - 기타,특수,남,52세,상해없음,화물,남,49세,경상
2018061600100414,2018년 6월 16일 17시,토요일,충청북도 진천군 진천읍,중상사고,0,2,5,0,차대차 - 기타,안전거리미확보,건조,맑음,단일로 - 기타,승용,남,32세,상해없음,승용,여,31세,중상
2018061600100495,2018년 6월 16일 19시,토요일,경기도 하남시 상산곡동,경상사고,0,0,1,0,차대차 - 기타,안전거리미확보,건조,맑음,단일로 - 기타,승용,여,32세,상해없음,승합,남,33세,경상
2018061800100362,2018년 6월 18일 15시,월요일,경기도 하남시 천현동,경상사고,0,0,1,0,차대차 - 기타,안전운전불이행,건조,맑음,기타 - 기타,승용,남,56세,상해없음,승용,여,30세,경상
2018062200100390,2018년 6월 22일 15시,금요일,충청북도 진천군 진천읍,중상사고,0,3,4,2,차대차 - 추돌,안전거리미확보,건조,맑음,단일로 - 기타,승용,남,33세,부상신고,승용,남,26세,부상신고
2018062600100369,2018년 6월 26일 15시,화요일,전라북도 장수군 계북면,중상사고,0,6,8,0,차대차 - 측면충돌,차로위반,건조,맑음,단일로 - 기타,특수,남,48세,상해없음,승합,남,37세,중상
2018070800100202,2018년 7월 8일 14시,일요일,경기도 하남시 상산곡동,경상사고,0,0,2,0,차대차 - 기타,안전운전불이행,건조,맑음,단일로 - 기타,승용,남,70세,상해없음,승용,여,54세,경상
2018070900100038,2018년 7월 9일 05시,월요일,충청북도 진천군 문백면,경상사고,0,0,1,0,차대차 - 기타,안전거리미확보,건조,맑음,단일로 - 기타,승용,남,26세,상해없음,승용,남,49세,경상
2018071000100432,2018년 7월 10일 18시,화요일,충청북도 청주시 청원구 오창읍,경상사고,0,0,1,0,차대차 - 기타,안전운전불이행,건조,맑음,단일로 - 기타,승용,여,39세,상해없음,승용,여,28세,경상
2018071300100029,2018년 7월 13일 02시,금요일,경기도 이천시 모가면,중상사고,0,1,1,0,차대차 - 추돌,안전거리미확보,건조,맑음,단일로 - 기타,화물,남,44세,상해없음,승용,남,63세,경상
2018071400100397,2018년 7월 14일 16시,토요일,충청북도 진천군 초평면,경상사고,0,0,2,1,차대차 - 추돌,안전거리미확보,건조,맑음,단일로 - 기타,승용,남,52세,상해없음,화물,남,32세,부상신고
2018071500100239,2018년 7월 15일 14시,일요일,충청북도 음성군 삼성면,경상사고,0,0,2,0,차대차 - 측면충돌,안전운전불이행,건조,맑음,단일로 - 기타,승용,여,55세,경상,승합,여,34세,경상
2018071900100124,2018년 7월 19일 08시,목요일,경기도 하남시 하산곡동,부상신고사고,0,0,0,1,차대차 - 추돌,안전거리미확보,건조,맑음,단일로 - 기타,승용,남,45세,부상신고,화물,남,31세,상해없음
2018072700100467,2018년 7월 27일 17시,금요일,경기도 이천시 호법면,중상사고,0,3,1,0,차대차 - 측면충돌,안전운전불이행,건조,맑음,단일로 - 기타,승용,남,70세,경상,화물,남,28세,상해없음
2018072900100066,2018년 7월 29일 05시,일요일,충청북도 진천군 진천읍,경상사고,0,0,1,0,차대차 - 추돌,안전운전불이행,건조,맑음,단일로 - 기타,승용,남,33세,상해없음,화물,남,46세,경상
2018073000100618,2018년 7월 30일 21시,월요일,경기도 광주시 도척면,중상사고,0,1,0,0,차대차 - 추돌,안전거리미확보,건조,맑음,단일로 - 기타,화물,남,33세,중상,화물,남,60세,상해없음
2018073100100213,2018년 7월 31일 11시,화요일,경기도 하남시 하산곡동,경상사고,0,0,1,0,차대차 - 측면충돌,안전거리미확보,건조,맑음,단일로 - 기타,승용,남,21세,상해없음,화물,남,41세,상해없음
2018073100100386,2018년 7월 31일 16시,화요일,충청북도 음성군 삼성면,경상사고,0,0,2,0,차대차 - 추돌,안전거리미확보,건조,맑음,단일로 - 기타,승용,여,40세,경상,승용,여,47세,경상
2018080300100090,2018년 8월 3일 07시,금요일,경상남도 산청군 단성면,경상사고,0,0,2,0,차대차 - 추돌,안전운전불이행,건조,맑음,단일로 - 기타,승합,남,62세,상해없음,승용,남,34세,경상
2018080500100333,2018년 8월 5일 17시,일요일,충청북도 청주시 흥덕구 지동동,경상사고,0,0,1,0,차대차 - 추돌,안전거리미확보,건조,맑음,단일로 - 기타,기타불명,남,36세,상해없음,승용,남,42세,경상
2018081000100326,2018년 8월 10일 14시,금요일,경상남도 산청군 단성면,경상사고,0,0,1,0,차대사람 - 기타,안전운전불이행,건조,맑음,단일로 - 기타,승합,남,21세,상해없음,보행자,남,52세,경상
2018081000100438,2018년 8월 10일 17시,금요일,충청북도 진천군 문백면,중상사고,0,3,4,1,차대차 - 추돌,안전운전불이행,건조,맑음,단일로 - 기타,승용,남,41세,경상,화물,남,55세,경상
2018081100100036,2018년 8월 11일 01시,토요일,경상남도 산청군 생초면,중상사고,0,2,0,0,차대차 - 기타,안전운전불이행,건조,맑음,단일로 - 기타,승용,여,54세,상해없음,승용,남,47세,중상
2018081100100101,2018년 8월 11일 07시,토요일,경기도 하남시 천현동,중상사고,0,1,2,0,차대차 - 추돌,안전거리미확보,건조,맑음,단일로 - 기타,화물,남,34세,중상,승용,남,59세,경상
2018081300100082,2018년 8월 13일 07시,월요일,충청북도 청주시 흥덕구 지동동,경상사고,0,0,1,0,차대차 - 추돌,안전거리미확보,건조,맑음,단일로 - 기타,승용,남,47세,상해없음,승용,남,39세,경상
2018081700100244,2018년 8월 17일 11시,금요일,충청북도 진천군 이월면,사망사고,1,0,2,0,차대차 - 추돌,안전운전불이행,건조,맑음,단일로 - 기타,승용,남,67세,상해없음,승용,여,39세,경상
2018081700100578,2018년 8월 17일 19시,금요일,충청북도 진천군 초평면,경상사고,0,0,1,0,차대차 - 추돌,안전거리미확보,건조,맑음,단일로 - 기타,승합,남,49세,상해없음,승용,남,47세,경상
2018081800100197,2018년 8월 18일 10시,토요일,충청북도 진천군 진천읍,경상사고,0,0,1,0,차대차 - 추돌,안전운전불이행,건조,맑음,단일로 - 기타,승용,남,23세,상해없음,화물,남,35세,경상
2018082100100459,2018년 8월 21일 17시,화요일,경기도 하남시 천현동,경상사고,0,0,1,0,차대차 - 기타,안전운전불이행,건조,맑음,단일로 - 기타,승용,남,55세,상해없음,화물,남,68세,경상
2018082200100018,2018년 8월 22일 01시,수요일,경기도 하남시 신장동,중상사고,0,2,0,0,차대차 - 기타,안전운전불이행,건조,맑음,단일로 - 기타,승용,남,35세,상해없음,승용,여,42세,중상
2018083000100047,2018년 8월 30일 03시,목요일,경기도 광주시 남한산성면,사망사고,1,0,0,0,차량단독 - 공작물충돌,안전운전불이행,젖음/습기,비,단일로 - 교량,승용,남,53세,사망,,,,
2018083100100311,2018년 8월 31일 14시,금요일,경기도 이천시 모가면,중상사고,0,1,1,0,차대차 - 추돌,안전거리미확보,건조,맑음,단일로 - 기타,화물,남,42세,상해없음,승용,남,50세,중상
2018090200100039,2018년 9월 2일 02시,일요일,경기도 광주시 곤지암읍,경상사고,0,0,1,0,차대차 - 추돌,안전운전불이행,건조,맑음,단일로 - 기타,승용,남,29세,상해없음,화물,남,50세,경상
2018090300100599,2018년 9월 3일 21시,월요일,충청북도 청주시 청원구 오창읍,중상사고,0,9,14,0,차량단독 - 전도전복 - 전도,안전운전불이행,젖음/습기,비,단일로 - 기타,승합,남,66세,중상,미분류,미분류,미분류,미분류
2018090400100010,2018년 9월 4일 00시,화요일,경기도 안성시 일죽면,경상사고,0,0,2,0,차대차 - 추돌,안전운전불이행,젖음/습기,비,단일로 - 기타,승용,남,36세,상해없음,승용,남,35세,경상
2018090600100098,2018년 9월 6일 08시,목요일,경기도 하남시 덕풍동,경상사고,0,0,1,0,차대차 - 측면충돌,안전운전불이행,건조,맑음,단일로 - 기타,화물,남,54세,상해없음,승용,남,50세,경상
2018090700100485,2018년 9월 7일 17시,금요일,충청북도 진천군 초평면,경상사고,0,0,1,0,차대차 - 추돌,안전운전불이행,건조,맑음,단일로 - 기타,화물,남,55세,상해없음,승용,여,24세,경상
2018090800100587,2018년 9월 8일 20시,토요일,충청북도 청주시 청원구 오창읍,경상사고,0,0,1,0,차대차 - 측면충돌,안전거리미확보,건조,맑음,단일로 - 기타,승용,남,31세,상해없음,승용,남,31세,경상
2018091300100164,2018년 9월 13일 09시,목요일,충청북도 청주시 청원구 오창읍,중상사고,0,1,0,0,차대사람 - 횡단중,안전운전불이행,건조,맑음,단일로 - 기타,화물,남,43세,상해없음,보행자,남,54세,중상
2018091700100197,2018년 9월 17일 10시,월요일,충청북도 청주시 청원구 오창읍,중상사고,0,2,7,0,차대차 - 추돌,안전거리미확보,건조,맑음,단일로 - 기타,승용,여,34세,상해없음,승용,남,58세,경상
2018091700100579,2018년 9월 17일 20시,월요일,충청남도 금산군 금성면,경상사고,0,0,1,0,차대차 - 측면충돌,안전운전불이행,건조,맑음,기타 - 기타,화물,남,63세,상해없음,승합,남,56세,상해없음