사고번호,사고일시,요일,시군구,사고내용,사망자수,중상자수,경상자수,부상신고자수,사고유형,법규위반,노면상태,기상상태,도로형태,가해운전자 차종,가해운전자 성별,가해운전자 연령,가해운전자 상해정도,피해운전자 차종,피해운전자 성별,피해운전자 연령,피해운전자 상해정도
2018092200100125,2018년 9월 22일 07시,토요일,경기도 광주시 남한산성면,경상사고,0,0,1,1,차대차 - 추돌,안전운전불이행,건조,맑음,단일로 - 기타,승용,남,34세,상해없음,승용,남,41세,경상
2018092400100006,2018년 9월 24일 00시,월요일,경상남도 진주시 명석면,경상사고,0,0,2,0,차대차 - 추돌,안전운전불이행,건조,맑음,단일로 - 기타,승용,남,28세,경상,승용,남,48세,상해없음
2018092600100050,2018년 9월 26일 03시,수요일,경기도 이천시 마장면,경상사고,0,0,1,0,차대차 - 추돌,안전운전불이행,건조,맑음,단일로 - 기타,화물,남,35세,상해없음,승용,남,27세,경상
2018092900100294,2018년 9월 29일 13시,토요일,경기도 이천시 모가면,중상사고,0,1,7,0,차대차 - 추돌,안전거리미확보,건조,맑음,단일로 - 기타,승용,남,19세,상해없음,승용,남,58세,경상
2018100700100352,2018년 10월 7일 16시,일요일,충청북도 진천군 초평면,경상사고,0,0,2,0,차대차 - 추돌,안전거리미확보,건조,맑음,단일로 - 기타,승용,여,49세,상해없음,승용,여,36세,경상
2018101100100205,2018년 10월 11일 11시,목요일,경기도 광주시 곤지암읍,경상사고,0,0,2,0,차대차 - 측면충돌,안전운전불이행,건조,맑음,단일로 - 기타,화물,남,55세,상해없음,승용,여,52세,경상
2018101200100005,2018년 10월 12일 00시,금요일,충청북도 청주시 청원구 오창읍,경상사고,0,0,1,0,차대차 - 측면충돌,안전운전불이행,건조,맑음,단일로 - 기타,화물,남,72세,상해없음,화물,남,57세,경상
2018101200100421,2018년 10월 12일 16시,금요일,충청북도 음성군 대소면,사망사고,1,3,9,0,차대차 - 추돌,안전운전불이행,건조,맑음,단일로 - 기타,화물,남,38세,상해없음,승용,남,58세,경상
2018101300100188,2018년 10월 13일 10시,토요일,충청북도 청주시 청원구 오창읍,경상사고,0,0,4,0,차대차 - 추돌,안전운전불이행,건조,맑음,단일로 - 기타,화물,남,65세,상해없음,승용,여,34세,경상
2018101400100071,2018년 10월 14일 06시,일요일,충청북도 청주시 서원구 남이면,경상사고,0,0,1,0,차대차 - 추돌,안전운전불이행,건조,맑음,단일로 - 기타,승용,여,30세,상해없음,승용,남,53세,경상
2018101400100341,2018년 10월 14일 18시,일요일,충청북도 청주시 청원구 오창읍,경상사고,0,0,1,0,차대차 - 측면충돌,안전거리미확보,건조,맑음,단일로 - 기타,특수,남,53세,상해없음,승용,여,45세,경상
2018101900100256,2018년 10월 19일 11시,금요일,경기도 하남시 천현동,경상사고,0,0,3,0,차대차 - 측면충돌,안전거리미확보,건조,맑음,단일로 - 기타,특수,남,41세,상해없음,승용,남,41세,경상
2018102000100385,2018년 10월 20일 14시,토요일,충청북도 청주시 청원구 오창읍,경상사고,0,0,1,0,차대차 - 추돌,안전거리미확보,건조,맑음,단일로 - 기타,승용,남,26세,상해없음,승용,여,38세,경상
2018102000100575,2018년 10월 20일 18시,토요일,경기도 광주시 곤지암읍,경상사고,0,0,4,0,차대차 - 추돌,안전운전불이행,건조,맑음,단일로 - 기타,화물,남,69세,상해없음,승용,남,40세,경상
2018102100100330,2018년 10월 21일 16시,일요일,경기도 하남시 상산곡동,경상사고,0,0,3,0,차대차 - 추돌,안전운전불이행,건조,맑음,기타 - 기타,승용,남,64세,상해없음,승용,여,47세,경상
2018102200100161,2018년 10월 22일 10시,월요일,충청남도 금산군 금성면,경상사고,0,0,1,0,차대차 - 기타,안전운전불이행,건조,맑음,기타 - 기타,승용,남,47세,상해없음,승용,남,40세,경상
2018102600100074,2018년 10월 26일 06시,금요일,충청북도 청주시 흥덕구 비하동,경상사고,0,0,2,0,차대차 - 추돌,안전운전불이행,젖음/습기,비,단일로 - 기타,화물,남,44세,상해없음,화물,남,64세,경상
2018102700100181,2018년 10월 27일 09시,토요일,충청북도 음성군 대소면,경상사고,0,0,3,0,차대차 - 추돌,안전거리미확보,젖음/습기,흐림,단일로 - 기타,승용,남,25세,상해없음,승용,남,47세,경상
2018102700100441,2018년 10월 27일 16시,토요일,충청북도 진천군 문백면,경상사고,0,0,2,1,차대차 - 추돌,안전운전불이행,건조,맑음,단일로 - 기타,승용,여,34세,상해없음,승용,남,37세,경상
2018102800100274,2018년 10월 28일 14시,일요일,충청북도 진천군 초평면,경상사고,0,0,2,3,차대차 - 추돌,안전거리미확보,건조,맑음,단일로 - 기타,화물,남,29세,상해없음,승용,남,41세,경상
2018102800100445,2018년 10월 28일 19시,일요일,충청북도 진천군 진천읍,경상사고,0,0,5,0,차대차 - 추돌,안전거리미확보,건조,맑음,단일로 - 기타,승합,남,33세,상해없음,승합,남,37세,경상
2018102900100166,2018년 10월 29일 09시,월요일,경기도 이천시 마장면,사망사고,1,4,13,1,차대차 - 추돌,안전거리미확보,건조,맑음,단일로 - 기타,승합,남,51세,상해없음,승용,여,50세,중상
2018110500100341,2018년 11월 5일 14시,월요일,충청북도 진천군 진천읍,경상사고,0,0,1,0,차대차 - 기타,안전운전불이행,건조,맑음,단일로 - 기타,기타불명,기타불명,미분류,기타불명,화물,남,50세,경상
2018110600100399,2018년 11월 6일 17시,화요일,경기도 안성시 일죽면,중상사고,0,1,3,0,차대차 - 추돌,안전운전불이행,건조,맑음,단일로 - 기타,승용,남,50세,상해없음,승용,여,56세,중상
2018110800100101,2018년 11월 8일 06시,목요일,경기도 하남시 천현동,중상사고,0,3,1,0,차대차 - 추돌,안전거리미확보,젖음/습기,비,단일로 - 기타,승용,남,70세,상해없음,화물,남,33세,경상
2018111000100432,2018년 11월 10일 16시,토요일,경기도 이천시 호법면,경상사고,0,0,5,0,차대차 - 측면충돌,안전거리미확보,건조,맑음,단일로 - 기타,화물,남,60세,상해없음,승용,여,47세,경상
2018111300100294,2018년 11월 13일 13시,화요일,충청북도 청주시 흥덕구 남촌동,경상사고,0,0,1,0,차대차 - 기타,안전운전불이행,건조,맑음,단일로 - 기타,화물,남,49세,상해없음,승용,여,62세,경상
2018111700100503,2018년 11월 17일 18시,토요일,충청북도 청주시 청원구 오창읍,경상사고,0,0,2,0,차대차 - 추돌,안전거리미확보,건조,맑음,단일로 - 기타,화물,남,61세,상해없음,승용,남,58세,경상
2018111900100089,2018년 11월 19일 08시,월요일,충청북도 청주시 흥덕구 지동동,경상사고,0,0,1,0,차대차 - 추돌,안전운전불이행,건조,맑음,단일로 - 기타,승용,남,59세,상해없음,승용,남,46세,경상
2018111900100158,2018년 11월 19일 10시,월요일,충청북도 음성군 대소면,중상사고,0,1,1,0,차대차 - 추돌,안전거리미확보,건조,맑음,단일로 - 기타,화물,남,55세,중상,화물,남,45세,경상
2018112100100033,2018년 11월 21일 02시,수요일,충청북도 음성군 삼성면,중상사고,0,1,1,0,차대차 - 추돌,안전운전불이행,건조,맑음,단일로 - 기타,화물,남,52세,중상,화물,남,45세,경상
2018112400100019,2018년 11월 24일 00시,토요일,경기도 광주시 초월읍,중상사고,0,1,0,0,차대차 - 추돌,안전거리미확보,건조,맑음,단일로 - 기타,승용,남,25세,상해없음,승용,여,51세,중상
2018112400100392,2018년 11월 24일 14시,토요일,전라북도 장수군 계북면,중상사고,0,1,10,0,차대차 - 추돌,안전거리미확보,건조,맑음,단일로 - 터널,승용,남,54세,경상,승용,남,51세,경상
2018112600100083,2018년 11월 26일 07시,월요일,경기도 하남시 덕풍동,경상사고,0,0,1,0,차량단독 - 공작물충돌,안전운전불이행,건조,맑음,단일로 - 기타,화물,남,61세,경상,,,,
2018112900100548,2018년 11월 29일 22시,목요일,전라북도 무주군 안성면,사망사고,1,0,0,0,차대사람 - 횡단중,안전운전불이행,건조,맑음,단일로 - 기타,승용,남,45세,상해없음,보행자,남,23세,사망
2018113000100322,2018년 11월 30일 14시,금요일,충청북도 청주시 흥덕구 강서동,중상사고,0,2,5,0,차대차 - 추돌,안전거리미확보,건조,맑음,단일로 - 기타,승용,남,48세,경상,승용,남,28세,경상
2018120200100267,2018년 12월 2일 16시,일요일,충청북도 진천군 진천읍,경상사고,0,0,4,0,차대차 - 추돌,안전거리미확보,건조,맑음,단일로 - 기타,승용,남,47세,상해없음,승용,남,28세,경상
2018120400100139,2018년 12월 4일 08시,화요일,충청북도 청주시 흥덕구 지동동,경상사고,0,0,3,0,차대차 - 기타,안전운전불이행,젖음/습기,비,단일로 - 기타,화물,남,51세,경상,화물,남,25세,경상
2018120800100034,2018년 12월 8일 01시,토요일,충청북도 진천군 초평면,중상사고,0,2,1,0,차대차 - 기타,안전운전불이행,건조,맑음,기타 - 기타,승용,남,36세,경상,화물,남,59세,중상
2018120800100204,2018년 12월 8일 11시,토요일,충청북도 진천군 문백면,경상사고,0,0,1,0,차대차 - 측면충돌,안전운전불이행,건조,맑음,단일로 - 기타,승용,여,58세,상해없음,승용,여,53세,경상
2018121000100398,2018년 12월 10일 17시,월요일,경기도 광주시 곤지암읍,경상사고,0,0,2,0,차대차 - 추돌,안전거리미확보,건조,맑음,단일로 - 기타,승용,여,34세,경상,승용,남,33세,경상
2018121200100470,2018년 12월 12일 18시,수요일,경기도 하남시 상산곡동,경상사고,0,0,1,0,차대차 - 측면충돌,안전운전불이행,건조,맑음,단일로 - 기타,승용,남,70세,상해없음,승용,남,57세,경상
2018122000100516,2018년 12월 20일 20시,목요일,경기도 이천시 모가면,경상사고,0,0,1,0,차대차 - 측면충돌,안전운전불이행,건조,맑음,단일로 - 기타,화물,남,53세,상해없음,승용,남,43세,경상
2018122800100168,2018년 12월 28일 10시,금요일,경기도 안성시 일죽면,경상사고,0,0,3,0,차대차 - 추돌,안전거리미확보,건조,맑음,단일로 - 기타,화물,남,63세,상해없음,승용,남,54세,경상
2018122900100270,2018년 12월 29일 15시,토요일,경기도 이천시 모가면,중상사고,0,3,2,0,차대차 - 추돌,안전거리미확보,건조,맑음,단일로 - 기타,승합,남,54세,상해없음,승용,여,41세,중상
2019010400100281,2019년 1월 4일 15시,금요일,경기도 하남시 천현동,경상사고,0,0,2,1,차대차 - 기타,기타,건조,맑음,단일로 - 기타,화물,남,38세,상해없음,승용,남,44세,경상
2019010800100205,2019년 1월 8일 11시,화요일,경기도 하남시 하산곡동,중상사고,0,2,1,0,차대차 - 기타,안전거리미확보,건조,맑음,단일로 - 기타,승용,여,60세,중상,화물,남,32세,경상
2019011000100088,2019년 1월 10일 07시,목요일,충청북도 진천군 초평면,중상사고,0,1,0,0,차대차 - 측면충돌,안전운전불이행,건조,맑음,단일로 - 기타,승합,남,52세,상해없음,승용,남,33세,중상
2019011200100255,2019년 1월 12일 12시,토요일,충청북도 진천군 덕산면,중상사고,0,9,13,5,차대차 - 추돌,안전운전불이행,건조,맑음,단일로 - 기타,승합,남,61세,상해없음,승용,남,58세,중상
2019011300100081,2019년 1월 13일 05시,일요일,경기도 하남시 상산곡동,사망사고,1,4,3,0,차대차 - 추돌,안전운전불이행,건조,맑음,단일로 - 기타,승용,남,29세,경상,화물,남,57세,사망
2019011300100356,2019년 1월 13일 20시,일요일,경기도 안성시 일죽면,경상사고,0,0,3,0,차대차 - 기타,기타,건조,맑음,단일로 - 기타,승용,남,27세,상해없음,승합,남,50세,상해없음
2019011900100122,2019년 1월 19일 08시,토요일,충청북도 청주시 서원구 남이면,중상사고,0,1,2,0,차대차 - 기타,안전운전불이행,건조,맑음,단일로 - 기타,화물,남,55세,상해없음,승용,여,46세,중상
2019012000100412,2019년 1월 20일 20시,일요일,충청북도 음성군 대소면,경상사고,0,0,5,0,차대차 - 기타,안전거리미확보,건조,맑음,단일로 - 기타,승용,남,24세,경상,승용,여,42세,경상
2019012200100329,2019년 1월 22일 14시,화요일,경기도 하남시 상산곡동,경상사고,0,0,4,0,차대차 - 추돌,안전운전불이행,건조,맑음,단일로 - 기타,승용,여,40세,상해없음,승용,여,43세,경상
2019012500100541,2019년 1월 25일 20시,금요일,충청북도 진천군 이월면,경상사고,0,0,1,0,차대차 - 추돌,안전운전불이행,건조,맑음,단일로 - 기타,승용,남,29세,상해없음,승용,남,45세,경상
2019012600100370,2019년 1월 26일 16시,토요일,경기도 이천시 모가면,중상사고,0,1,1,0,차대차 - 추돌,안전거리미확보,건조,맑음,단일로 - 기타,승용,여,33세,상해없음,승용,남,28세,중상
2019021200100339,2019년 2월 12일 16시,화요일,경기도 이천시 모가면,중상사고,0,1,4,0,차대차 - 추돌,안전운전불이행,건조,맑음,단일로 - 기타,화물,남,64세,상해없음,승용,남,28세,중상
2019021400100504,2019년 2월 14일 20시,목요일,경기도 하남시 하산곡동,경상사고,0,0,2,0,차대차 - 측면충돌,신호위반,건조,맑음,단일로 - 기타,승용,여,64세,경상,화물,남,48세,경상
2019021600100192,2019년 2월 16일 11시,토요일,충청북도 진천군 이월면,경상사고,0,0,4,0,차대차 - 추돌,안전거리미확보,건조,맑음,단일로 - 기타,승용,남,59세,상해없음,승용,남,33세,경상
2019022100100161,2019년 2월 21일 09시,목요일,경기도 이천시 마장면,경상사고,0,0,1,0,차대차 - 기타,안전거리미확보,건조,맑음,단일로 - 교량,승용,남,47세,상해없음,승용,남,38세,경상
2019022300100346,2019년 2월 23일 14시,토요일,충청북도 진천군 진천읍,중상사고,0,1,2,0,차대차 - 추돌,안전운전불이행,건조,맑음,단일로 - 기타,화물,남,27세,상해없음,승용,여,60세,중상
2019022500100310,2019년 2월 25일 14시,월요일,경기도 안성시 일죽면,경상사고,0,0,1,0,차대차 - 추돌,안전운전불이행,건조,맑음,단일로 - 기타,승용,남,19세,상해없음,승용,여,40세,경상
2019022600100144,2019년 2월 26일 09시,화요일,충청북도 진천군 이월면,경상사고,0,0,5,0,차대차 - 추돌,안전운전불이행,건조,맑음,단일로 - 기타,승용,남,49세,상해없음,승용,남,23세,경상
2019030300100057,2019년 3월 3일 03시,일요일,충청북도 청주시 청원구 오창읍,중상사고,0,1,0,0,차대차 - 추돌,안전운전불이행,건조,맑음,단일로 - 기타,승용,남,26세,상해없음,화물,남,51세,중상
2019030500100461,2019년 3월 5일 20시,화요일,경기도 하남시 상산곡동,경상사고,0,0,2,0,차대차 - 추돌,안전운전불이행,건조,맑음,단일로 - 기타,승용,여,35세,상해없음,승용,남,31세,경상
2019030600100585,2019년 3월 6일 23시,수요일,충청북도 청주시 흥덕구 지동동,경상사고,0,0,1,0,차대차 - 측면충돌,중앙선침범,건조,맑음,단일로 - 기타,승용,남,25세,상해없음,승용,남,32세,경상
2019030800100417,2019년 3월 8일 15시,금요일,충청북도 진천군 진천읍,경상사고,0,0,3,0,차대차 - 추돌,안전운전불이행,건조,맑음,단일로 - 기타,화물,남,42세,상해없음,승용,여,48세,경상
2019030900100257,2019년 3월 9일 12시,토요일,경기도 하남시 덕풍동,경상사고,0,0,1,0,차대차 - 기타,기타,건조,맑음,단일로 - 기타,기타불명,기타불명,미분류,기타불명,승용,남,59세,경상
2019030900100518,2019년 3월 9일 19시,토요일,충청북도 진천군 문백면,경상사고,0,0,2,0,차대차 - 측면충돌,안전운전불이행,건조,맑음,단일로 - 기타,기타불명,기타불명,미분류,기타불명,승용,남,36세,경상
2019031000100280,2019년 3월 10일 16시,일요일,경기도 하남시 상산곡동,중상사고,0,1,0,0,차대차 - 기타,안전거리미확보,건조,맑음,단일로 - 기타,화물,남,60세,상해없음,승용,여,52세,중상
2019031000100483,2019년 3월 10일 23시,일요일,충청북도 청주시 청원구 오창읍,중상사고,0,1,0,0,차대차 - 측면충돌,안전거리미확보,건조,맑음,단일로 - 기타,화물,남,63세,상해없음,승용,여,55세,중상
2019031200100259,2019년 3월 12일 13시,화요일,경기도 광주시 남한산성면,사망사고,1,0,0,0,차량단독 - 공작물충돌,안전운전불이행,건조,맑음,단일로 - 기타,화물,남,19세,사망,,,,
2019031600100241,2019년 3월 16일 11시,토요일,충청북도 진천군 문백면,중상사고,0,3,5,0,차대차 - 추돌,안전운전불이행,건조,맑음,단일로 - 기타,승용,남,71세,중상,승용,남,33세,경상
2019031900100161,2019년 3월 19일 09시,화요일,충청북도 청주시 흥덕구 강서동,경상사고,0,0,1,0,차대차 - 측면충돌,안전거리미확보,건조,맑음,단일로 - 기타,화물,남,47세,상해없음,특수,남,43세,경상
2019032000100358,2019년 3월 20일 15시,수요일,경기도 하남시 천현동,경상사고,0,0,1,0,차대차 - 기타,안전운전불이행,젖음/습기,비,단일로 - 기타,승용,남,47세,상해없음,화물,남,26세,경상
2019032700100363,2019년 3월 27일 16시,수요일,충청북도 음성군 삼성면,경상사고,0,0,1,0,차대차 - 기타,안전거리미확보,건조,맑음,단일로 - 기타,승용,남,61세,상해없음,승용,남,61세,상해없음
2019032800100268,2019년 3월 28일 12시,목요일,경기도 하남시 상산곡동,경상사고,0,0,2,0,차대차 - 기타,안전운전불이행,건조,맑음,단일로 - 기타,특수,남,52세,상해없음,승용,여,41세,경상
2019033000100247,2019년 3월 30일 10시,토요일,경기도 안성시 일죽면,중상사고,0,1,1,0,차대차 - 추돌,안전운전불이행,건조,맑음,단일로 - 기타,화물,남,55세,중상,승용,남,37세,경상
2019040500100054,2019년 4월 5일 01시,금요일,충청북도 청주시 청원구 오창읍,경상사고,0,0,1,0,차대차 - 측면충돌,안전거리미확보,건조,맑음,단일로 - 기타,승용,남,37세,상해없음,승용,남,38세,경상
2019040900100084,2019년 4월 9일 06시,화요일,충청북도 청주시 흥덕구 지동동,경상사고,0,0,1,0,차대차 - 기타,안전거리미확보,건조,맑음,단일로 - 기타,승용,남,28세,상해없음,승용,남,53세,경상
2019041200100047,2019년 4월 12일 02시,금요일,경기도 하남시 상산곡동,사망사고,1,0,2,0,차대차 - 추돌,안전운전불이행,건조,맑음,단일로 - 기타,화물,남,66세,사망,특수,남,37세,상해없음
2019041500100512,2019년 4월 15일 17시,월요일,충청북도 청주시 청원구 오창읍,경상사고,0,0,1,0,차대차 - 추돌,안전거리미확보,건조,맑음,단일로 - 기타,승용,여,46세,상해없음,승용,남,29세,경상
2019042000100103,2019년 4월 20일 05시,토요일,충청북도 진천군 덕산면,중상사고,0,1,3,0,차대차 - 추돌,안전거리미확보,건조,맑음,단일로 - 기타,승용,남,26세,상해없음,화물,남,56세,경상
2019042000100407,2019년 4월 20일 15시,토요일,충청북도 청주시 청원구 오창읍,경상사고,0,0,2,0,차대차 - 측면충돌,안전운전불이행,건조,맑음,단일로 - 기타,승용,여,28세,상해없음,승용,남,25세,경상
2019042100100459,2019년 4월 21일 22시,일요일,경기도 하남시 하산곡동,부상신고사고,0,0,0,1,차대차 - 기타,안전운전불이행,건조,맑음,단일로 - 기타,기타불명,기타불명,미분류,기타불명,승용,남,71세,상해없음
2019042400100362,2019년 4월 24일 14시,수요일,경기도 이천시 모가면,부상신고사고,0,0,0,2,차대차 - 기타,안전거리미확보,건조,맑음,단일로 - 기타,화물,남,61세,상해없음,승용,남,63세,부상신고
2019042700100353,2019년 4월 27일 13시,토요일,충청북도 진천군 초평면,중상사고,0,1,0,0,차대차 - 추돌,안전거리미확보,건조,맑음,단일로 - 기타,승용,남,33세,상해없음,승용,남,35세,중상
2019042800100187,2019년 4월 28일 12시,일요일,충청북도 진천군 초평면,경상사고,0,0,4,0,차대차 - 추돌,안전거리미확보,건조,맑음,단일로 - 기타,승용,남,19세,상해없음,승용,남,39세,경상
2019043000100325,2019년 4월 30일 14시,화요일,충청북도 청주시 흥덕구 외북동,중상사고,0,1,1,0,차대차 - 추돌,안전운전불이행,건조,맑음,단일로 - 기타,승용,남,50세,상해없음,승용,여,57세,경상
2019050200100290,2019년 5월 2일 12시,목요일,충청북도 진천군 진천읍,경상사고,0,0,1,0,차대차 - 추돌,안전운전불이행,건조,맑음,단일로 - 기타,화물,남,30세,상해없음,화물,남,45세,경상
2019050800100443,2019년 5월 8일 16시,수요일,충청북도 음성군 대소면,중상사고,0,4,5,0,차대차 - 측면충돌,안전운전불이행,건조,맑음,단일로 - 기타,승용,여,37세,상해없음,승용,남,38세,경상
2019050800100661,2019년 5월 8일 21시,수요일,경기도 이천시 마장면,중상사고,0,2,2,0,차대차 - 측면충돌,안전거리미확보,건조,맑음,단일로 - 기타,화물,남,53세,상해없음,승용,여,47세,경상
2019050900100669,2019년 5월 9일 23시,목요일,충청북도 청주시 흥덕구 강서동,사망사고,1,1,1,0,차대차 - 기타,안전운전불이행,건조,맑음,단일로 - 기타,승용,남,27세,상해없음,화물,남,30세,기타불명
2019050900100670,2019년 5월 9일 23시,목요일,충청북도 청주시 흥덕구 강서동,중상사고,0,1,2,0,차대차 - 추돌,안전운전불이행,건조,맑음,단일로 - 기타,승용,남,57세,경상,승용,남,38세,중상
2019051100100449,2019년 5월 11일 15시,토요일,충청북도 음성군 음성읍,경상사고,0,0,2,0,차대차 - 기타,안전거리미확보,건조,맑음,기타 - 기타,승용,남,35세,상해없음,승용,남,26세,경상
2019051800100540,2019년 5월 18일 18시,토요일,충청북도 진천군 문백면,경상사고,0,0,2,0,차대차 - 추돌,안전운전불이행,건조,맑음,단일로 - 기타,화물,남,27세,상해없음,승용,남,52세,경상
2019052800100030,2019년 5월 28일 00시,화요일,경기도 이천시 모가면,중상사고,0,3,2,1,차대차 - 추돌,안전운전불이행,건조,맑음,단일로 - 기타,승용,여,56세,부상신고,화물,남,66세,경상
2019052900100189,2019년 5월 29일 09시,수요일,충청북도 청주시 흥덕구 지동동,경상사고,0,0,1,0,차대차 - 기타,안전거리미확보,건조,맑음,단일로 - 기타,승용,남,44세,상해없음,승용,남,51세,경상
2019060200100042,2019년 6월 2일 01시,일요일,경기도 광주시 초월읍,경상사고,0,0,1,0,차량단독 - 공작물충돌,안전운전불이행,건조,맑음,단일로 - 기타,승용,남,58세,경상,,,,
2019060700100316,2019년 6월 7일 13시,금요일,충청북도 진천군 초평면,경상사고,0,0,3,0,차대차 - 추돌,안전거리미확보,젖음/습기,비,단일로 - 기타,승합,남,54세,상해없음,승용,남,49세,경상
2019061200100465,2019년 6월 12일 18시,수요일,충청북도 청주시 흥덕구 지동동,중상사고,0,1,0,0,차대차 - 측면충돌,차로위반,건조,맑음,단일로 - 기타,화물,남,60세,상해없음,승용,여,65세,중상
2019061300100329,2019년 6월 13일 14시,목요일,충청북도 청주시 청원구 오창읍,중상사고,0,1,0,0,차대차 - 기타,안전운전불이행,건조,맑음,단일로 - 기타,화물,남,58세,상해없음,승용,남,59세,상해없음
2019061400100378,2019년 6월 14일 15시,금요일,충청북도 음성군 대소면,사망사고,2,2,1,0,차대차 - 추돌,안전운전불이행,건조,맑음,단일로 - 기타,승용,남,72세,사망,특수,남,27세,중상
2019061500100247,2019년 6월 15일 11시,토요일,충청북도 청주시 청원구 오창읍,경상사고,0,0,1,0,차대차 - 추돌,안전운전불이행,건조,맑음,단일로 - 기타,승용,남,21세,상해없음,승용,남,58세,경상
2019061800100047,2019년 6월 18일 01시,화요일,경기도 이천시 모가면,사망사고,1,0,0,0,차대사람 - 기타,안전운전불이행,젖음/습기,흐림,단일로 - 기타,화물,남,53세,상해없음,보행자,남,37세,사망
2019062100100369,2019년 6월 21일 15시,금요일,충청북도 진천군 문백면,경상사고,0,0,2,0,차대차 - 추돌,안전운전불이행,건조,맑음,단일로 - 기타,화물,남,55세,상해없음,화물,남,31세,상해없음
2019062200100261,2019년 6월 22일 11시,토요일,충청북도 청주시 흥덕구 지동동,중상사고,0,2,6,0,차대차 - 추돌,안전운전불이행,건조,맑음,단일로 - 기타,승용,여,51세,중상,승용,남,32세,경상
2019063000100436,2019년 6월 30일 22시,일요일,충청북도 진천군 이월면,중상사고,0,1,1,0,차대차 - 기타,안전운전불이행,건조,맑음,기타 - 기타,화물,남,57세,중상,승용,남,27세,상해없음
2019070100100671,2019년 7월 1일 23시,월요일,경기도 안성시 일죽면,경상사고,0,0,1,0,차대차 - 기타,기타,건조,맑음,단일로 - 기타,화물,남,61세,상해없음,승용,여,47세,경상
2019070500100437,2019년 7월 5일 16시,금요일,충청북도 진천군 문백면,중상사고,0,3,0,0,차대차 - 추돌,안전운전불이행,건조,맑음,단일로 - 기타,화물,남,25세,중상,화물,남,54세,중상
2019070600100259,2019년 7월 6일 11시,토요일,경기도 하남시 초일동,부상신고사고,0,0,0,1,차대차 - 기타,안전운전불이행,건조,맑음,단일로 - 기타,화물,남,64세,상해없음,승용,남,30세,상해없음
2019070700100040,2019년 7월 7일 01시,일요일,충청북도 청주시 청원구 오창읍,경상사고,0,0,1,0,차대차 - 측면충돌,안전운전불이행,건조,맑음,단일로 - 기타,승용,남,31세,상해없음,승용,남,56세,경상
2019070700100295,2019년 7월 7일 15시,일요일,충청북도 청주시 흥덕구 석곡동,사망사고,1,2,3,0,차대차 - 추돌,안전운전불이행,건조,맑음,단일로 - 기타,화물,남,54세,사망,화물,남,44세,중상
2019070900100040,2019년 7월 9일 01시,화요일,충청북도 음성군 대소면,중상사고,0,1,1,0,차대차 - 추돌,안전운전불이행,건조,맑음,단일로 - 기타,화물,남,41세,중상,화물,남,62세,경상
2019071000100278,2019년 7월 10일 13시,수요일,충청북도 음성군 삼성면,사망사고,1,0,0,0,차량단독 - 공작물충돌,안전운전불이행,건조,맑음,단일로 - 기타,화물,남,61세,사망,,,,
2019071300100245,2019년 7월 13일 12시,토요일,경기도 하남시 천현동,경상사고,0,0,6,0,차대차 - 기타,차로위반,건조,맑음,기타 - 기타,승용,남,19세,상해없음,승용,남,33세,경상